Devicetime ,Servertime
16:32:12,Thu May 14 2020 16:33:49 GMT+0700
16:32:37,Thu May 14 2020 16:34:14 GMT+0700
16:32:49,Thu May 14 2020 16:34:26 GMT+0700
16:33:01,Thu May 14 2020 16:34:40 GMT+0700
16:33:14,Thu May 14 2020 16:34:51 GMT+0700
16:34:03,Thu May 14 2020 16:35:40 GMT+0700
16:34:27,Thu May 14 2020 16:36:05 GMT+0700
16:35:17,Thu May 14 2020 16:36:54 GMT+0700
16:35:41,Thu May 14 2020 16:37:19 GMT+0700
16:35:54,Thu May 14 2020 16:37:31 GMT+0700
16:36:43,Thu May 14 2020 16:38:20 GMT+0700
16:37:20,Thu May 14 2020 16:38:57 GMT+0700
16:37:32,Thu May 14 2020 16:39:09 GMT+0700
16:37:44,Thu May 14 2020 16:39:22 GMT+0700
16:38:21,Thu May 14 2020 16:39:59 GMT+0700
16:38:34,Thu May 14 2020 16:40:11 GMT+0700
16:39:48,Thu May 14 2020 16:41:26 GMT+0700
16:40:37,Thu May 14 2020 16:42:16 GMT+0700
16:41:14,Thu May 14 2020 16:42:51 GMT+0700
16:41:51,Thu May 14 2020 16:43:29 GMT+0700
16:42:28,Thu May 14 2020 16:44:05 GMT+0700
16:42:40,Thu May 14 2020 16:44:18 GMT+0700
16:43:54,Thu May 14 2020 16:45:32 GMT+0700
16:44:18,Thu May 14 2020 16:45:56 GMT+0700
16:44:43,Thu May 14 2020 16:46:20 GMT+0700
16:44:55,Thu May 14 2020 16:46:33 GMT+0700
16:45:08,Thu May 14 2020 16:46:45 GMT+0700
16:45:45,Thu May 14 2020 16:47:22 GMT+0700
16:45:57,Thu May 14 2020 16:47:34 GMT+0700
16:46:34,Thu May 14 2020 16:48:11 GMT+0700
16:47:11,Thu May 14 2020 16:48:48 GMT+0700
16:47:48,Thu May 14 2020 16:49:25 GMT+0700
16:48:12,Thu May 14 2020 16:49:50 GMT+0700
16:48:25,Thu May 14 2020 16:50:02 GMT+0700
16:48:37,Thu May 14 2020 16:50:14 GMT+0700
16:48:49,Thu May 14 2020 16:50:26 GMT+0700
16:49:14,Thu May 14 2020 16:50:52 GMT+0700
16:49:26,Thu May 14 2020 16:51:03 GMT+0700
16:49:39,Thu May 14 2020 16:51:16 GMT+0700
16:49:51,Thu May 14 2020 16:51:28 GMT+0700
16:50:16,Thu May 14 2020 16:51:53 GMT+0700
16:50:52,Thu May 14 2020 16:52:31 GMT+0700
16:51:42,Thu May 14 2020 16:53:19 GMT+0700
16:51:54,Thu May 14 2020 16:53:31 GMT+0700
16:52:56,Thu May 14 2020 16:54:35 GMT+0700
16:53:08,Thu May 14 2020 16:54:45 GMT+0700
16:53:45,Thu May 14 2020 16:55:22 GMT+0700
16:54:09,Thu May 14 2020 16:55:47 GMT+0700
16:54:34,Thu May 14 2020 16:56:11 GMT+0700
16:55:23,Thu May 14 2020 16:57:00 GMT+0700
16:55:36,Thu May 14 2020 16:57:13 GMT+0700
16:55:48,Thu May 14 2020 16:57:25 GMT+0700
16:56:00,Thu May 14 2020 16:57:37 GMT+0700
16:56:13,Thu May 14 2020 16:57:50 GMT+0700
16:56:25,Thu May 14 2020 16:58:02 GMT+0700
16:57:14,Thu May 14 2020 16:58:51 GMT+0700
16:57:26,Thu May 14 2020 16:59:04 GMT+0700
16:57:51,Thu May 14 2020 16:59:28 GMT+0700
16:58:40,Thu May 14 2020 17:00:21 GMT+0700
16:58:53,Thu May 14 2020 17:00:30 GMT+0700
16:59:05,Thu May 14 2020 17:00:54 GMT+0700
16:59:17,Thu May 14 2020 17:00:54 GMT+0700
16:59:30,Thu May 14 2020 17:01:07 GMT+0700
17:00:19,Thu May 14 2020 17:01:56 GMT+0700
10:55:25,Fri May 15 2020 10:57:00 GMT+0700
10:56:14,Fri May 15 2020 10:57:49 GMT+0700
10:56:39,Fri May 15 2020 10:58:14 GMT+0700
10:56:51,Fri May 15 2020 10:58:26 GMT+0700
10:57:16,Fri May 15 2020 10:58:51 GMT+0700
10:57:40,Fri May 15 2020 10:59:16 GMT+0700
10:58:05,Fri May 15 2020 10:59:40 GMT+0700
10:58:54,Fri May 15 2020 11:00:29 GMT+0700
10:59:19,Fri May 15 2020 11:00:54 GMT+0700
10:59:43,Fri May 15 2020 11:01:19 GMT+0700
11:00:20,Fri May 15 2020 11:01:56 GMT+0700
11:01:47,Fri May 15 2020 11:03:24 GMT+0700
11:01:59,Fri May 15 2020 11:03:34 GMT+0700
11:02:36,Fri May 15 2020 11:04:11 GMT+0700
11:03:00,Fri May 15 2020 11:04:36 GMT+0700
11:03:50,Fri May 15 2020 11:05:26 GMT+0700
11:04:14,Fri May 15 2020 11:05:50 GMT+0700
11:04:27,Fri May 15 2020 11:06:02 GMT+0700
11:04:39,Fri May 15 2020 11:06:16 GMT+0700
11:07:07,Fri May 15 2020 11:08:44 GMT+0700
11:10:24,Fri May 15 2020 11:12:00 GMT+0700
11:10:36,Fri May 15 2020 11:12:12 GMT+0700
11:11:01,Fri May 15 2020 11:12:36 GMT+0700
11:11:50,Fri May 15 2020 11:13:25 GMT+0700
11:12:27,Fri May 15 2020 11:14:02 GMT+0700
11:12:39,Fri May 15 2020 11:14:14 GMT+0700
11:13:16,Fri May 15 2020 11:14:53 GMT+0700
11:13:41,Fri May 15 2020 11:15:17 GMT+0700
11:14:18,Fri May 15 2020 11:15:53 GMT+0700
11:14:30,Fri May 15 2020 11:16:05 GMT+0700
11:14:55,Fri May 15 2020 11:16:30 GMT+0700
11:15:19,Fri May 15 2020 11:16:54 GMT+0700
11:15:31,Fri May 15 2020 11:17:07 GMT+0700
11:16:33,Fri May 15 2020 11:18:12 GMT+0700
11:17:10,Fri May 15 2020 11:18:45 GMT+0700
11:18:24,Fri May 15 2020 11:20:00 GMT+0700
11:18:36,Fri May 15 2020 11:20:12 GMT+0700
11:19:01,Fri May 15 2020 11:20:36 GMT+0700
11:19:13,Fri May 15 2020 11:20:49 GMT+0700
11:20:02,Fri May 15 2020 11:21:38 GMT+0700
11:20:15,Fri May 15 2020 11:21:50 GMT+0700
11:21:04,Fri May 15 2020 11:22:40 GMT+0700
11:21:41,Fri May 15 2020 11:23:16 GMT+0700
11:21:53,Fri May 15 2020 11:23:28 GMT+0700
11:22:05,Fri May 15 2020 11:23:41 GMT+0700
11:26:12,Fri May 15 2020 11:27:48 GMT+0700
11:52:03,Fri May 15 2020 11:53:40 GMT+0700
11:53:05,Fri May 15 2020 11:54:41 GMT+0700
11:53:29,Fri May 15 2020 11:55:04 GMT+0700
11:53:42,Fri May 15 2020 11:55:17 GMT+0700
11:54:06,Fri May 15 2020 11:55:41 GMT+0700
11:54:18,Fri May 15 2020 11:55:54 GMT+0700
11:54:31,Fri May 15 2020 11:56:06 GMT+0700
11:54:43,Fri May 15 2020 11:56:18 GMT+0700
11:54:55,Fri May 15 2020 11:56:31 GMT+0700
11:55:08,Fri May 15 2020 11:56:43 GMT+0700
11:55:20,Fri May 15 2020 11:56:55 GMT+0700
11:55:32,Fri May 15 2020 11:57:08 GMT+0700
11:56:22,Fri May 15 2020 11:57:57 GMT+0700
11:56:34,Fri May 15 2020 11:58:09 GMT+0700
11:56:59,Fri May 15 2020 11:58:34 GMT+0700
11:57:11,Fri May 15 2020 11:58:46 GMT+0700
11:57:23,Fri May 15 2020 11:58:58 GMT+0700
11:58:00,Fri May 15 2020 11:59:35 GMT+0700
11:58:25,Fri May 15 2020 12:00:00 GMT+0700
11:58:49,Fri May 15 2020 12:00:25 GMT+0700
11:59:02,Fri May 15 2020 12:00:37 GMT+0700
12:00:03,Fri May 15 2020 12:01:39 GMT+0700
12:00:15,Fri May 15 2020 12:01:51 GMT+0700
12:00:28,Fri May 15 2020 12:02:03 GMT+0700
12:00:52,Fri May 15 2020 12:02:28 GMT+0700
12:01:05,Fri May 15 2020 12:02:40 GMT+0700
12:01:17,Fri May 15 2020 12:02:52 GMT+0700
12:01:29,Fri May 15 2020 12:03:05 GMT+0700
12:01:42,Fri May 15 2020 12:03:17 GMT+0700
12:01:54,Fri May 15 2020 12:03:29 GMT+0700
12:02:06,Fri May 15 2020 12:03:42 GMT+0700
12:02:19,Fri May 15 2020 12:03:54 GMT+0700
12:02:31,Fri May 15 2020 12:04:06 GMT+0700
12:02:43,Fri May 15 2020 12:04:19 GMT+0700
12:02:56,Fri May 15 2020 12:04:31 GMT+0700
12:03:08,Fri May 15 2020 12:04:43 GMT+0700
12:03:32,Fri May 15 2020 12:05:08 GMT+0700
12:03:45,Fri May 15 2020 12:05:20 GMT+0700
12:04:22,Fri May 15 2020 12:05:57 GMT+0700
12:04:34,Fri May 15 2020 12:06:09 GMT+0700
12:05:11,Fri May 15 2020 12:06:46 GMT+0700
12:05:23,Fri May 15 2020 12:06:59 GMT+0700
12:05:36,Fri May 15 2020 12:07:11 GMT+0700
12:05:48,Fri May 15 2020 12:07:23 GMT+0700
12:06:00,Fri May 15 2020 12:07:36 GMT+0700
12:06:25,Fri May 15 2020 12:08:00 GMT+0700
12:06:49,Fri May 15 2020 12:08:25 GMT+0700
12:07:02,Fri May 15 2020 12:08:37 GMT+0700
12:07:26,Fri May 15 2020 12:09:02 GMT+0700
12:07:39,Fri May 15 2020 12:09:14 GMT+0700
12:07:51,Fri May 15 2020 12:09:26 GMT+0700
12:08:03,Fri May 15 2020 12:09:39 GMT+0700
12:08:16,Fri May 15 2020 12:09:51 GMT+0700
12:08:53,Fri May 15 2020 12:10:28 GMT+0700
12:09:17,Fri May 15 2020 12:10:53 GMT+0700
12:09:30,Fri May 15 2020 12:11:05 GMT+0700
12:09:42,Fri May 15 2020 12:11:17 GMT+0700
12:10:19,Fri May 15 2020 12:11:54 GMT+0700
12:10:31,Fri May 15 2020 12:12:06 GMT+0700
12:10:43,Fri May 15 2020 12:12:19 GMT+0700
12:10:56,Fri May 15 2020 12:12:31 GMT+0700
12:11:08,Fri May 15 2020 12:12:43 GMT+0700
12:11:20,Fri May 15 2020 12:12:56 GMT+0700
12:11:33,Fri May 15 2020 12:13:08 GMT+0700
12:11:57,Fri May 15 2020 12:13:33 GMT+0700
12:12:22,Fri May 15 2020 12:13:57 GMT+0700
12:12:59,Fri May 15 2020 12:14:34 GMT+0700
12:13:36,Fri May 15 2020 12:15:12 GMT+0700
12:14:00,Fri May 15 2020 12:15:37 GMT+0700
12:14:13,Fri May 15 2020 12:15:48 GMT+0700
12:14:25,Fri May 15 2020 12:16:00 GMT+0700
12:15:39,Fri May 15 2020 12:17:15 GMT+0700
12:15:51,Fri May 15 2020 12:17:28 GMT+0700
12:16:04,Fri May 15 2020 12:17:39 GMT+0700
12:16:16,Fri May 15 2020 12:17:51 GMT+0700
12:16:28,Fri May 15 2020 12:18:05 GMT+0700
12:17:17,Fri May 15 2020 12:18:53 GMT+0700
12:17:30,Fri May 15 2020 12:19:07 GMT+0700
12:17:42,Fri May 15 2020 12:19:17 GMT+0700
12:18:07,Fri May 15 2020 12:19:42 GMT+0700
12:18:19,Fri May 15 2020 12:19:54 GMT+0700
12:18:31,Fri May 15 2020 12:20:07 GMT+0700
12:18:44,Fri May 15 2020 12:20:19 GMT+0700
12:18:56,Fri May 15 2020 12:20:31 GMT+0700
12:19:08,Fri May 15 2020 12:20:44 GMT+0700
12:19:21,Fri May 15 2020 12:20:56 GMT+0700
12:19:33,Fri May 15 2020 12:21:08 GMT+0700
12:19:45,Fri May 15 2020 12:21:20 GMT+0700
12:19:57,Fri May 15 2020 12:21:33 GMT+0700
12:20:10,Fri May 15 2020 12:21:45 GMT+0700
12:20:34,Fri May 15 2020 12:22:10 GMT+0700
12:20:47,Fri May 15 2020 12:22:22 GMT+0700
12:21:24,Fri May 15 2020 12:23:00 GMT+0700
12:21:36,Fri May 15 2020 12:23:11 GMT+0700
12:21:48,Fri May 15 2020 12:23:24 GMT+0700
12:22:01,Fri May 15 2020 12:23:36 GMT+0700
12:22:13,Fri May 15 2020 12:23:48 GMT+0700
12:22:25,Fri May 15 2020 12:24:01 GMT+0700
12:22:38,Fri May 15 2020 12:24:13 GMT+0700
12:22:50,Fri May 15 2020 12:24:25 GMT+0700
12:23:02,Fri May 15 2020 12:24:37 GMT+0700
12:23:27,Fri May 15 2020 12:25:02 GMT+0700
12:23:39,Fri May 15 2020 12:25:14 GMT+0700
12:23:51,Fri May 15 2020 12:25:27 GMT+0700
12:24:28,Fri May 15 2020 12:26:04 GMT+0700
12:24:41,Fri May 15 2020 12:26:16 GMT+0700
12:24:53,Fri May 15 2020 12:26:28 GMT+0700
12:25:05,Fri May 15 2020 12:26:42 GMT+0700
12:25:18,Fri May 15 2020 12:26:53 GMT+0700
12:25:30,Fri May 15 2020 12:27:05 GMT+0700
12:25:42,Fri May 15 2020 12:27:18 GMT+0700
12:25:54,Fri May 15 2020 12:27:30 GMT+0700
12:26:07,Fri May 15 2020 12:27:42 GMT+0700
12:26:19,Fri May 15 2020 12:27:54 GMT+0700
12:26:44,Fri May 15 2020 12:28:19 GMT+0700
12:26:56,Fri May 15 2020 12:28:31 GMT+0700
12:27:08,Fri May 15 2020 12:28:44 GMT+0700
12:27:21,Fri May 15 2020 12:28:56 GMT+0700
12:27:33,Fri May 15 2020 12:29:08 GMT+0700
12:27:45,Fri May 15 2020 12:29:21 GMT+0700
12:27:58,Fri May 15 2020 12:29:33 GMT+0700
12:28:10,Fri May 15 2020 12:29:45 GMT+0700
12:28:22,Fri May 15 2020 12:29:58 GMT+0700
12:28:35,Fri May 15 2020 12:30:12 GMT+0700
12:28:47,Fri May 15 2020 12:30:22 GMT+0700
12:28:59,Fri May 15 2020 12:30:35 GMT+0700
12:29:11,Fri May 15 2020 12:30:47 GMT+0700
12:29:24,Fri May 15 2020 12:30:59 GMT+0700
12:29:48,Fri May 15 2020 12:31:24 GMT+0700
12:30:01,Fri May 15 2020 12:31:36 GMT+0700
12:30:13,Fri May 15 2020 12:31:48 GMT+0700
12:30:25,Fri May 15 2020 12:32:01 GMT+0700
12:30:38,Fri May 15 2020 12:32:13 GMT+0700
12:30:50,Fri May 15 2020 12:32:25 GMT+0700
12:31:02,Fri May 15 2020 12:32:38 GMT+0700
12:31:52,Fri May 15 2020 12:33:28 GMT+0700
12:32:04,Fri May 15 2020 12:33:39 GMT+0700
12:32:16,Fri May 15 2020 12:33:51 GMT+0700
12:32:41,Fri May 15 2020 12:34:16 GMT+0700
12:33:30,Fri May 15 2020 12:35:05 GMT+0700
12:33:42,Fri May 15 2020 12:35:18 GMT+0700
12:33:55,Fri May 15 2020 12:35:30 GMT+0700
12:34:07,Fri May 15 2020 12:35:42 GMT+0700
12:34:32,Fri May 15 2020 12:36:07 GMT+0700
12:34:56,Fri May 15 2020 12:36:38 GMT+0700
12:35:21,Fri May 15 2020 12:36:59 GMT+0700
12:35:33,Fri May 15 2020 12:37:08 GMT+0700
12:35:58,Fri May 15 2020 12:37:33 GMT+0700
12:36:10,Fri May 15 2020 12:37:45 GMT+0700
12:36:35,Fri May 15 2020 12:38:10 GMT+0700
12:36:59,Fri May 15 2020 12:38:35 GMT+0700
12:37:12,Fri May 15 2020 12:38:47 GMT+0700
12:37:24,Fri May 15 2020 12:39:01 GMT+0700
12:38:38,Fri May 15 2020 12:40:16 GMT+0700
12:39:02,Fri May 15 2020 12:40:38 GMT+0700
12:39:15,Fri May 15 2020 12:40:50 GMT+0700
12:39:27,Fri May 15 2020 12:41:06 GMT+0700
12:39:39,Fri May 15 2020 12:41:15 GMT+0700
12:39:52,Fri May 15 2020 12:41:27 GMT+0700
12:40:04,Fri May 15 2020 12:41:39 GMT+0700
12:40:16,Fri May 15 2020 12:41:52 GMT+0700
12:40:29,Fri May 15 2020 12:42:04 GMT+0700
12:40:41,Fri May 15 2020 12:42:16 GMT+0700
12:40:53,Fri May 15 2020 12:42:29 GMT+0700
12:41:06,Fri May 15 2020 12:42:41 GMT+0700
12:41:18,Fri May 15 2020 12:42:53 GMT+0700
12:41:43,Fri May 15 2020 12:43:18 GMT+0700
12:41:55,Fri May 15 2020 12:43:30 GMT+0700
12:42:19,Fri May 15 2020 12:43:55 GMT+0700
12:42:32,Fri May 15 2020 12:44:07 GMT+0700
12:42:44,Fri May 15 2020 12:44:19 GMT+0700
12:42:56,Fri May 15 2020 12:44:32 GMT+0700
12:43:09,Fri May 15 2020 12:44:44 GMT+0700
12:43:21,Fri May 15 2020 12:44:56 GMT+0700
12:43:33,Fri May 15 2020 12:45:09 GMT+0700
12:43:46,Fri May 15 2020 12:45:21 GMT+0700
12:43:58,Fri May 15 2020 12:45:33 GMT+0700
12:44:35,Fri May 15 2020 12:46:10 GMT+0700
12:44:47,Fri May 15 2020 12:46:23 GMT+0700
12:45:24,Fri May 15 2020 12:46:59 GMT+0700
12:45:36,Fri May 15 2020 12:47:12 GMT+0700
12:46:01,Fri May 15 2020 12:47:36 GMT+0700
12:46:26,Fri May 15 2020 12:48:02 GMT+0700
12:46:38,Fri May 15 2020 12:48:13 GMT+0700
12:46:50,Fri May 15 2020 12:48:26 GMT+0700
12:47:03,Fri May 15 2020 12:48:38 GMT+0700
12:47:15,Fri May 15 2020 12:48:50 GMT+0700
12:47:27,Fri May 15 2020 12:49:03 GMT+0700
12:47:52,Fri May 15 2020 12:49:27 GMT+0700
12:48:17,Fri May 15 2020 12:49:52 GMT+0700
12:48:29,Fri May 15 2020 12:50:04 GMT+0700
12:48:41,Fri May 15 2020 12:50:18 GMT+0700
12:49:06,Fri May 15 2020 12:50:41 GMT+0700
12:49:55,Fri May 15 2020 12:51:30 GMT+0700
12:50:07,Fri May 15 2020 12:51:44 GMT+0700
12:50:20,Fri May 15 2020 12:51:55 GMT+0700
12:50:32,Fri May 15 2020 12:52:08 GMT+0700
12:50:44,Fri May 15 2020 12:52:20 GMT+0700
12:50:57,Fri May 15 2020 12:52:32 GMT+0700
12:51:09,Fri May 15 2020 12:52:44 GMT+0700
12:51:21,Fri May 15 2020 12:52:56 GMT+0700
12:51:33,Fri May 15 2020 12:53:09 GMT+0700
12:51:46,Fri May 15 2020 12:53:21 GMT+0700
12:51:58,Fri May 15 2020 12:53:33 GMT+0700
12:52:10,Fri May 15 2020 12:53:46 GMT+0700
12:52:23,Fri May 15 2020 12:53:58 GMT+0700
12:52:35,Fri May 15 2020 12:54:10 GMT+0700
12:52:47,Fri May 15 2020 12:54:23 GMT+0700
12:53:00,Fri May 15 2020 12:54:35 GMT+0700
12:53:24,Fri May 15 2020 12:55:00 GMT+0700
12:53:37,Fri May 15 2020 12:55:12 GMT+0700
12:53:49,Fri May 15 2020 12:55:24 GMT+0700
12:54:26,Fri May 15 2020 12:56:01 GMT+0700
12:54:38,Fri May 15 2020 12:56:13 GMT+0700
12:55:15,Fri May 15 2020 12:56:50 GMT+0700
12:55:27,Fri May 15 2020 12:57:03 GMT+0700
12:55:40,Fri May 15 2020 12:57:15 GMT+0700
12:55:52,Fri May 15 2020 12:57:27 GMT+0700
12:56:04,Fri May 15 2020 12:57:40 GMT+0700
12:56:29,Fri May 15 2020 12:58:04 GMT+0700
12:56:54,Fri May 15 2020 12:58:29 GMT+0700
12:57:18,Fri May 15 2020 12:58:54 GMT+0700
12:57:43,Fri May 15 2020 12:59:18 GMT+0700
12:57:55,Fri May 15 2020 12:59:30 GMT+0700
12:58:07,Fri May 15 2020 12:59:43 GMT+0700
12:58:44,Fri May 15 2020 13:00:20 GMT+0700
12:59:46,Fri May 15 2020 13:01:24 GMT+0700
12:59:58,Fri May 15 2020 13:01:35 GMT+0700
13:00:11,Fri May 15 2020 13:01:46 GMT+0700
13:00:23,Fri May 15 2020 13:01:58 GMT+0700
13:00:35,Fri May 15 2020 13:02:11 GMT+0700
13:00:48,Fri May 15 2020 13:02:23 GMT+0700
13:01:12,Fri May 15 2020 13:02:47 GMT+0700
13:01:24,Fri May 15 2020 13:03:00 GMT+0700
13:02:01,Fri May 15 2020 13:03:37 GMT+0700
13:02:14,Fri May 15 2020 13:03:49 GMT+0700
13:02:26,Fri May 15 2020 13:04:01 GMT+0700
13:02:38,Fri May 15 2020 13:04:14 GMT+0700
13:02:51,Fri May 15 2020 13:04:26 GMT+0700
13:03:03,Fri May 15 2020 13:04:38 GMT+0700
13:03:15,Fri May 15 2020 13:04:51 GMT+0700
13:03:28,Fri May 15 2020 13:05:03 GMT+0700
13:03:40,Fri May 15 2020 13:05:15 GMT+0700
13:03:52,Fri May 15 2020 13:05:28 GMT+0700
13:04:05,Fri May 15 2020 13:05:40 GMT+0700
13:04:17,Fri May 15 2020 13:05:52 GMT+0700
13:04:29,Fri May 15 2020 13:06:05 GMT+0700
13:04:41,Fri May 15 2020 13:06:17 GMT+0700
13:04:54,Fri May 15 2020 13:06:29 GMT+0700
13:05:06,Fri May 15 2020 13:06:42 GMT+0700
13:05:18,Fri May 15 2020 13:06:54 GMT+0700
13:05:31,Fri May 15 2020 13:07:06 GMT+0700
13:05:43,Fri May 15 2020 13:07:18 GMT+0700
13:06:08,Fri May 15 2020 13:07:43 GMT+0700
13:06:20,Fri May 15 2020 13:07:55 GMT+0700
13:06:32,Fri May 15 2020 13:08:08 GMT+0700
13:06:45,Fri May 15 2020 13:08:20 GMT+0700
13:06:57,Fri May 15 2020 13:08:32 GMT+0700
13:07:09,Fri May 15 2020 13:08:45 GMT+0700
13:07:22,Fri May 15 2020 13:08:57 GMT+0700
13:07:34,Fri May 15 2020 13:09:09 GMT+0700
13:07:58,Fri May 15 2020 13:09:34 GMT+0700
13:08:11,Fri May 15 2020 13:09:46 GMT+0700
13:08:23,Fri May 15 2020 13:10:00 GMT+0700
13:08:35,Fri May 15 2020 13:10:11 GMT+0700
13:08:48,Fri May 15 2020 13:10:23 GMT+0700
13:09:00,Fri May 15 2020 13:10:35 GMT+0700
13:09:12,Fri May 15 2020 13:10:48 GMT+0700
13:09:25,Fri May 15 2020 13:11:00 GMT+0700
13:09:49,Fri May 15 2020 13:11:25 GMT+0700
13:10:02,Fri May 15 2020 13:11:37 GMT+0700
13:10:26,Fri May 15 2020 13:12:02 GMT+0700
13:10:39,Fri May 15 2020 13:12:14 GMT+0700
13:10:51,Fri May 15 2020 13:12:26 GMT+0700
13:11:03,Fri May 15 2020 13:12:38 GMT+0700
13:11:15,Fri May 15 2020 13:12:51 GMT+0700
13:11:28,Fri May 15 2020 13:13:03 GMT+0700
13:11:40,Fri May 15 2020 13:13:15 GMT+0700
13:11:52,Fri May 15 2020 13:13:28 GMT+0700
13:12:05,Fri May 15 2020 13:13:40 GMT+0700
13:12:17,Fri May 15 2020 13:13:52 GMT+0700
13:12:29,Fri May 15 2020 13:14:05 GMT+0700
13:12:42,Fri May 15 2020 13:14:17 GMT+0700
13:12:54,Fri May 15 2020 13:14:29 GMT+0700
13:13:06,Fri May 15 2020 13:14:42 GMT+0700
13:13:19,Fri May 15 2020 13:14:54 GMT+0700
13:13:31,Fri May 15 2020 13:15:06 GMT+0700
13:13:43,Fri May 15 2020 13:15:19 GMT+0700
13:14:08,Fri May 15 2020 13:15:43 GMT+0700
13:14:20,Fri May 15 2020 13:15:55 GMT+0700
13:14:57,Fri May 15 2020 13:16:35 GMT+0700
13:15:34,Fri May 15 2020 13:17:13 GMT+0700
13:15:59,Fri May 15 2020 13:17:34 GMT+0700
13:16:11,Fri May 15 2020 13:17:46 GMT+0700
13:16:23,Fri May 15 2020 13:17:59 GMT+0700
13:16:36,Fri May 15 2020 13:18:11 GMT+0700
13:16:48,Fri May 15 2020 13:18:23 GMT+0700
13:17:00,Fri May 15 2020 13:18:35 GMT+0700
13:17:12,Fri May 15 2020 13:18:48 GMT+0700
13:17:25,Fri May 15 2020 13:19:00 GMT+0700
13:17:37,Fri May 15 2020 13:19:12 GMT+0700
13:17:49,Fri May 15 2020 13:19:25 GMT+0700
13:18:02,Fri May 15 2020 13:19:37 GMT+0700
13:18:26,Fri May 15 2020 13:20:02 GMT+0700
13:18:39,Fri May 15 2020 13:20:14 GMT+0700
13:18:51,Fri May 15 2020 13:20:26 GMT+0700
13:19:03,Fri May 15 2020 13:20:39 GMT+0700
13:19:40,Fri May 15 2020 13:21:16 GMT+0700
13:19:53,Fri May 15 2020 13:21:28 GMT+0700
13:20:05,Fri May 15 2020 13:21:40 GMT+0700
13:20:17,Fri May 15 2020 13:21:52 GMT+0700
13:20:29,Fri May 15 2020 13:22:05 GMT+0700
13:20:42,Fri May 15 2020 13:22:17 GMT+0700
13:20:54,Fri May 15 2020 13:22:29 GMT+0700
13:21:06,Fri May 15 2020 13:22:42 GMT+0700
13:21:19,Fri May 15 2020 13:22:54 GMT+0700
13:21:31,Fri May 15 2020 13:23:06 GMT+0700
13:21:43,Fri May 15 2020 13:23:19 GMT+0700
13:21:56,Fri May 15 2020 13:23:31 GMT+0700
13:22:08,Fri May 15 2020 13:23:43 GMT+0700
13:22:20,Fri May 15 2020 13:23:56 GMT+0700
13:22:33,Fri May 15 2020 13:24:08 GMT+0700
13:22:45,Fri May 15 2020 13:24:20 GMT+0700
13:22:57,Fri May 15 2020 13:24:33 GMT+0700
13:23:10,Fri May 15 2020 13:24:45 GMT+0700
13:23:22,Fri May 15 2020 13:24:57 GMT+0700
13:23:34,Fri May 15 2020 13:25:09 GMT+0700
13:23:46,Fri May 15 2020 13:25:22 GMT+0700
13:23:59,Fri May 15 2020 13:25:34 GMT+0700
13:24:11,Fri May 15 2020 13:25:46 GMT+0700
13:24:23,Fri May 15 2020 13:25:59 GMT+0700
13:24:36,Fri May 15 2020 13:26:11 GMT+0700
13:25:13,Fri May 15 2020 13:26:48 GMT+0700
13:25:25,Fri May 15 2020 13:27:05 GMT+0700
13:25:37,Fri May 15 2020 13:27:13 GMT+0700
13:25:50,Fri May 15 2020 13:27:25 GMT+0700
13:26:02,Fri May 15 2020 13:27:37 GMT+0700
13:26:14,Fri May 15 2020 13:27:54 GMT+0700
13:26:27,Fri May 15 2020 13:28:02 GMT+0700
13:26:39,Fri May 15 2020 13:28:14 GMT+0700
13:26:51,Fri May 15 2020 13:28:27 GMT+0700
13:27:16,Fri May 15 2020 13:28:51 GMT+0700
13:27:28,Fri May 15 2020 13:29:04 GMT+0700
13:27:40,Fri May 15 2020 13:29:16 GMT+0700
13:27:53,Fri May 15 2020 13:29:28 GMT+0700
13:28:05,Fri May 15 2020 13:29:40 GMT+0700
13:28:17,Fri May 15 2020 13:29:53 GMT+0700
13:28:30,Fri May 15 2020 13:30:05 GMT+0700
13:28:42,Fri May 15 2020 13:30:17 GMT+0700
13:28:54,Fri May 15 2020 13:30:30 GMT+0700
13:29:07,Fri May 15 2020 13:30:42 GMT+0700
13:29:19,Fri May 15 2020 13:30:54 GMT+0700
13:29:31,Fri May 15 2020 13:31:07 GMT+0700
13:29:56,Fri May 15 2020 13:31:31 GMT+0700
13:30:08,Fri May 15 2020 13:31:43 GMT+0700
13:30:20,Fri May 15 2020 13:31:56 GMT+0700
13:30:33,Fri May 15 2020 13:32:08 GMT+0700
13:30:45,Fri May 15 2020 13:32:20 GMT+0700
13:30:57,Fri May 15 2020 13:32:33 GMT+0700
13:31:10,Fri May 15 2020 13:32:45 GMT+0700
13:31:22,Fri May 15 2020 13:32:58 GMT+0700
13:31:34,Fri May 15 2020 13:33:10 GMT+0700
13:31:47,Fri May 15 2020 13:33:22 GMT+0700
13:31:59,Fri May 15 2020 13:33:34 GMT+0700
13:32:11,Fri May 15 2020 13:33:47 GMT+0700
13:32:24,Fri May 15 2020 13:33:59 GMT+0700
13:32:36,Fri May 15 2020 13:34:11 GMT+0700
13:32:48,Fri May 15 2020 13:34:24 GMT+0700
13:33:25,Fri May 15 2020 13:35:00 GMT+0700
13:33:50,Fri May 15 2020 13:35:25 GMT+0700
13:34:02,Fri May 15 2020 13:35:37 GMT+0700
13:34:27,Fri May 15 2020 13:36:02 GMT+0700
13:34:39,Fri May 15 2020 13:36:14 GMT+0700
13:34:51,Fri May 15 2020 13:36:27 GMT+0700
13:35:04,Fri May 15 2020 13:36:39 GMT+0700
13:35:16,Fri May 15 2020 13:36:51 GMT+0700
13:35:28,Fri May 15 2020 13:37:04 GMT+0700
13:35:41,Fri May 15 2020 13:37:16 GMT+0700
13:35:53,Fri May 15 2020 13:37:28 GMT+0700
13:36:05,Fri May 15 2020 13:37:40 GMT+0700
13:36:18,Fri May 15 2020 13:37:53 GMT+0700
13:36:30,Fri May 15 2020 13:38:05 GMT+0700
13:37:19,Fri May 15 2020 13:38:54 GMT+0700
13:37:31,Fri May 15 2020 13:39:07 GMT+0700
13:37:44,Fri May 15 2020 13:39:21 GMT+0700
13:37:56,Fri May 15 2020 13:39:31 GMT+0700
13:38:08,Fri May 15 2020 13:39:44 GMT+0700
13:38:21,Fri May 15 2020 13:39:56 GMT+0700
13:38:33,Fri May 15 2020 13:40:11 GMT+0700
13:38:45,Fri May 15 2020 13:40:21 GMT+0700
13:39:10,Fri May 15 2020 13:40:45 GMT+0700
13:39:22,Fri May 15 2020 13:40:57 GMT+0700
13:39:47,Fri May 15 2020 13:41:22 GMT+0700
13:39:59,Fri May 15 2020 13:41:34 GMT+0700
13:40:11,Fri May 15 2020 13:41:47 GMT+0700
13:40:24,Fri May 15 2020 13:41:59 GMT+0700
13:40:36,Fri May 15 2020 13:42:11 GMT+0700
13:40:48,Fri May 15 2020 13:42:24 GMT+0700
13:41:01,Fri May 15 2020 13:42:36 GMT+0700
13:41:13,Fri May 15 2020 13:42:48 GMT+0700
13:41:38,Fri May 15 2020 13:43:13 GMT+0700
13:41:50,Fri May 15 2020 13:43:25 GMT+0700
13:42:02,Fri May 15 2020 13:43:38 GMT+0700
13:42:15,Fri May 15 2020 13:43:50 GMT+0700
13:42:27,Fri May 15 2020 13:44:02 GMT+0700
13:42:39,Fri May 15 2020 13:44:14 GMT+0700
13:42:51,Fri May 15 2020 13:44:27 GMT+0700
13:43:04,Fri May 15 2020 13:44:39 GMT+0700
13:43:16,Fri May 15 2020 13:44:51 GMT+0700
13:43:53,Fri May 15 2020 13:45:28 GMT+0700
13:44:05,Fri May 15 2020 13:45:41 GMT+0700
13:44:18,Fri May 15 2020 13:45:53 GMT+0700
13:44:30,Fri May 15 2020 13:46:05 GMT+0700
13:44:55,Fri May 15 2020 13:46:30 GMT+0700
13:45:07,Fri May 15 2020 13:46:42 GMT+0700
13:45:32,Fri May 15 2020 13:47:07 GMT+0700
13:45:44,Fri May 15 2020 13:47:19 GMT+0700
13:46:08,Fri May 15 2020 13:47:44 GMT+0700
13:46:21,Fri May 15 2020 13:47:56 GMT+0700
13:46:58,Fri May 15 2020 13:48:33 GMT+0700
13:47:10,Fri May 15 2020 13:48:45 GMT+0700
13:47:35,Fri May 15 2020 13:49:10 GMT+0700
13:47:47,Fri May 15 2020 13:49:22 GMT+0700
13:47:59,Fri May 15 2020 13:49:35 GMT+0700
13:48:12,Fri May 15 2020 13:49:47 GMT+0700
13:48:24,Fri May 15 2020 13:49:59 GMT+0700
13:48:49,Fri May 15 2020 13:50:24 GMT+0700
13:49:01,Fri May 15 2020 13:50:36 GMT+0700
13:49:13,Fri May 15 2020 13:50:48 GMT+0700
13:49:25,Fri May 15 2020 13:51:01 GMT+0700
13:49:38,Fri May 15 2020 13:51:13 GMT+0700
13:49:50,Fri May 15 2020 13:51:25 GMT+0700
13:50:02,Fri May 15 2020 13:51:38 GMT+0700
13:50:15,Fri May 15 2020 13:51:50 GMT+0700
13:50:27,Fri May 15 2020 13:52:14 GMT+0700
13:51:29,Fri May 15 2020 13:53:13 GMT+0700
13:51:41,Fri May 15 2020 13:53:16 GMT+0700
13:51:53,Fri May 15 2020 13:53:29 GMT+0700
13:52:06,Fri May 15 2020 13:53:41 GMT+0700
13:52:18,Fri May 15 2020 13:53:53 GMT+0700
13:52:30,Fri May 15 2020 13:54:05 GMT+0700
13:53:07,Fri May 15 2020 13:54:42 GMT+0700
13:53:19,Fri May 15 2020 13:54:55 GMT+0700
13:53:32,Fri May 15 2020 13:55:08 GMT+0700
13:53:44,Fri May 15 2020 13:55:20 GMT+0700
13:53:56,Fri May 15 2020 13:55:32 GMT+0700
13:54:21,Fri May 15 2020 13:55:56 GMT+0700
13:54:33,Fri May 15 2020 13:56:09 GMT+0700
13:54:46,Fri May 15 2020 13:56:21 GMT+0700
13:54:58,Fri May 15 2020 13:56:33 GMT+0700
13:55:23,Fri May 15 2020 13:56:58 GMT+0700
13:55:35,Fri May 15 2020 13:57:10 GMT+0700
13:55:47,Fri May 15 2020 13:57:22 GMT+0700
13:56:24,Fri May 15 2020 13:57:59 GMT+0700
13:56:36,Fri May 15 2020 13:58:12 GMT+0700
13:56:49,Fri May 15 2020 13:58:24 GMT+0700
13:57:13,Fri May 15 2020 13:58:49 GMT+0700
13:57:50,Fri May 15 2020 13:59:26 GMT+0700
13:58:27,Fri May 15 2020 14:00:04 GMT+0700
13:58:52,Fri May 15 2020 14:00:27 GMT+0700
13:59:16,Fri May 15 2020 14:00:52 GMT+0700
13:59:29,Fri May 15 2020 14:01:04 GMT+0700
13:59:41,Fri May 15 2020 14:01:16 GMT+0700
14:00:06,Fri May 15 2020 14:01:41 GMT+0700
14:00:18,Fri May 15 2020 14:01:53 GMT+0700
14:00:30,Fri May 15 2020 14:02:06 GMT+0700
14:00:43,Fri May 15 2020 14:02:18 GMT+0700
14:01:07,Fri May 15 2020 14:02:43 GMT+0700
14:01:20,Fri May 15 2020 14:02:55 GMT+0700
14:01:44,Fri May 15 2020 14:03:19 GMT+0700
14:01:57,Fri May 15 2020 14:03:32 GMT+0700
14:02:09,Fri May 15 2020 14:03:46 GMT+0700
14:02:21,Fri May 15 2020 14:03:56 GMT+0700
14:02:33,Fri May 15 2020 14:04:09 GMT+0700
14:02:46,Fri May 15 2020 14:04:21 GMT+0700
14:03:23,Fri May 15 2020 14:04:58 GMT+0700
14:04:00,Fri May 15 2020 14:05:35 GMT+0700
14:04:24,Fri May 15 2020 14:06:01 GMT+0700
14:04:49,Fri May 15 2020 14:06:24 GMT+0700
14:05:01,Fri May 15 2020 14:06:36 GMT+0700
14:05:26,Fri May 15 2020 14:07:03 GMT+0700
14:05:38,Fri May 15 2020 14:07:13 GMT+0700
14:06:03,Fri May 15 2020 14:07:38 GMT+0700
14:06:40,Fri May 15 2020 14:08:19 GMT+0700
14:06:52,Fri May 15 2020 14:08:27 GMT+0700
14:07:04,Fri May 15 2020 14:08:40 GMT+0700
14:07:17,Fri May 15 2020 14:08:52 GMT+0700
14:07:41,Fri May 15 2020 14:09:17 GMT+0700
14:07:54,Fri May 15 2020 14:09:29 GMT+0700
14:08:55,Fri May 15 2020 14:10:32 GMT+0700
14:09:07,Fri May 15 2020 14:10:43 GMT+0700
14:09:20,Fri May 15 2020 14:10:57 GMT+0700
14:09:44,Fri May 15 2020 14:11:20 GMT+0700
14:09:57,Fri May 15 2020 14:11:32 GMT+0700
14:10:09,Fri May 15 2020 14:11:44 GMT+0700
14:10:21,Fri May 15 2020 14:11:57 GMT+0700
14:10:34,Fri May 15 2020 14:12:09 GMT+0700
14:10:46,Fri May 15 2020 14:12:22 GMT+0700
14:10:58,Fri May 15 2020 14:12:34 GMT+0700
14:11:11,Fri May 15 2020 14:12:46 GMT+0700
14:11:23,Fri May 15 2020 14:12:58 GMT+0700
14:11:35,Fri May 15 2020 14:13:11 GMT+0700
14:11:47,Fri May 15 2020 14:13:23 GMT+0700
14:12:12,Fri May 15 2020 14:13:48 GMT+0700
14:12:24,Fri May 15 2020 14:14:00 GMT+0700
14:12:37,Fri May 15 2020 14:14:12 GMT+0700
14:13:01,Fri May 15 2020 14:14:37 GMT+0700
14:13:38,Fri May 15 2020 14:15:14 GMT+0700
14:13:51,Fri May 15 2020 14:15:26 GMT+0700
14:14:03,Fri May 15 2020 14:15:38 GMT+0700
14:14:15,Fri May 15 2020 14:15:51 GMT+0700
14:14:28,Fri May 15 2020 14:16:03 GMT+0700
14:14:52,Fri May 15 2020 14:16:27 GMT+0700
14:15:04,Fri May 15 2020 14:16:40 GMT+0700
14:15:17,Fri May 15 2020 14:16:52 GMT+0700
14:15:29,Fri May 15 2020 14:17:04 GMT+0700
14:15:41,Fri May 15 2020 14:17:17 GMT+0700
14:15:54,Fri May 15 2020 14:17:29 GMT+0700
14:16:06,Fri May 15 2020 14:17:41 GMT+0700
14:16:18,Fri May 15 2020 14:17:54 GMT+0700
14:16:43,Fri May 15 2020 14:18:18 GMT+0700
14:16:55,Fri May 15 2020 14:18:31 GMT+0700
14:17:08,Fri May 15 2020 14:18:44 GMT+0700
14:17:45,Fri May 15 2020 14:19:20 GMT+0700
14:17:57,Fri May 15 2020 14:19:32 GMT+0700
14:18:46,Fri May 15 2020 14:20:23 GMT+0700
14:19:35,Fri May 15 2020 14:21:11 GMT+0700
14:19:48,Fri May 15 2020 14:21:25 GMT+0700
14:20:00,Fri May 15 2020 14:21:35 GMT+0700
14:20:12,Fri May 15 2020 14:21:48 GMT+0700
14:20:25,Fri May 15 2020 14:22:00 GMT+0700
14:20:37,Fri May 15 2020 14:22:12 GMT+0700
14:20:49,Fri May 15 2020 14:22:25 GMT+0700
14:21:02,Fri May 15 2020 14:22:37 GMT+0700
14:21:26,Fri May 15 2020 14:23:02 GMT+0700
14:22:03,Fri May 15 2020 14:23:38 GMT+0700
14:22:15,Fri May 15 2020 14:24:09 GMT+0700
14:23:05,Fri May 15 2020 14:24:41 GMT+0700
14:23:17,Fri May 15 2020 14:24:52 GMT+0700
14:23:29,Fri May 15 2020 14:25:05 GMT+0700
14:23:42,Fri May 15 2020 14:25:17 GMT+0700
14:24:06,Fri May 15 2020 14:25:42 GMT+0700
14:24:19,Fri May 15 2020 14:25:55 GMT+0700
14:24:31,Fri May 15 2020 14:26:06 GMT+0700
14:24:43,Fri May 15 2020 14:26:18 GMT+0700
14:24:55,Fri May 15 2020 14:26:31 GMT+0700
14:25:08,Fri May 15 2020 14:26:43 GMT+0700
14:25:20,Fri May 15 2020 14:26:55 GMT+0700
14:25:45,Fri May 15 2020 14:27:20 GMT+0700
14:26:34,Fri May 15 2020 14:28:09 GMT+0700
14:26:46,Fri May 15 2020 14:28:22 GMT+0700
14:27:11,Fri May 15 2020 14:28:48 GMT+0700
14:27:23,Fri May 15 2020 14:28:58 GMT+0700
14:27:36,Fri May 15 2020 14:29:11 GMT+0700
14:27:48,Fri May 15 2020 14:29:23 GMT+0700
14:28:00,Fri May 15 2020 14:29:35 GMT+0700
14:28:25,Fri May 15 2020 14:30:00 GMT+0700
14:28:37,Fri May 15 2020 14:30:12 GMT+0700
14:28:49,Fri May 15 2020 14:30:25 GMT+0700
14:29:02,Fri May 15 2020 14:30:37 GMT+0700
14:29:14,Fri May 15 2020 14:30:49 GMT+0700
14:29:26,Fri May 15 2020 14:31:02 GMT+0700
14:29:39,Fri May 15 2020 14:31:14 GMT+0700
14:29:51,Fri May 15 2020 14:31:26 GMT+0700
14:30:16,Fri May 15 2020 14:31:51 GMT+0700
14:30:28,Fri May 15 2020 14:32:03 GMT+0700
14:30:40,Fri May 15 2020 14:32:15 GMT+0700
14:30:53,Fri May 15 2020 14:32:28 GMT+0700
14:31:05,Fri May 15 2020 14:32:40 GMT+0700
14:31:17,Fri May 15 2020 14:32:52 GMT+0700
14:31:29,Fri May 15 2020 14:33:05 GMT+0700
14:32:06,Fri May 15 2020 14:33:42 GMT+0700
14:32:19,Fri May 15 2020 14:33:54 GMT+0700
14:32:31,Fri May 15 2020 14:34:06 GMT+0700
14:32:43,Fri May 15 2020 14:34:19 GMT+0700
14:32:56,Fri May 15 2020 14:34:31 GMT+0700
14:33:20,Fri May 15 2020 14:34:56 GMT+0700
14:33:33,Fri May 15 2020 14:35:08 GMT+0700
14:34:09,Fri May 15 2020 14:35:45 GMT+0700
14:34:22,Fri May 15 2020 14:35:57 GMT+0700
14:34:34,Fri May 15 2020 14:36:09 GMT+0700
14:34:46,Fri May 15 2020 14:36:22 GMT+0700
14:37:26,Fri May 15 2020 14:39:03 GMT+0700
14:37:39,Fri May 15 2020 14:39:16 GMT+0700
14:37:51,Fri May 15 2020 14:39:26 GMT+0700
14:38:03,Fri May 15 2020 14:39:39 GMT+0700
14:38:16,Fri May 15 2020 14:39:56 GMT+0700
14:38:28,Fri May 15 2020 14:40:03 GMT+0700
14:38:53,Fri May 15 2020 14:40:28 GMT+0700
14:39:17,Fri May 15 2020 14:40:53 GMT+0700
14:39:42,Fri May 15 2020 14:41:17 GMT+0700
14:39:54,Fri May 15 2020 14:41:30 GMT+0700
14:40:07,Fri May 15 2020 14:41:42 GMT+0700
14:40:31,Fri May 15 2020 14:42:12 GMT+0700
14:40:43,Fri May 15 2020 14:42:19 GMT+0700
14:40:56,Fri May 15 2020 14:42:31 GMT+0700
14:41:08,Fri May 15 2020 14:42:43 GMT+0700
14:41:20,Fri May 15 2020 14:42:56 GMT+0700
14:41:57,Fri May 15 2020 14:43:33 GMT+0700
14:42:10,Fri May 15 2020 14:43:45 GMT+0700
14:42:47,Fri May 15 2020 14:44:22 GMT+0700
14:42:59,Fri May 15 2020 14:44:34 GMT+0700
14:43:11,Fri May 15 2020 14:44:47 GMT+0700
14:43:24,Fri May 15 2020 14:44:59 GMT+0700
14:43:48,Fri May 15 2020 14:45:25 GMT+0700
14:44:00,Fri May 15 2020 14:45:36 GMT+0700
14:44:13,Fri May 15 2020 14:45:48 GMT+0700
14:44:25,Fri May 15 2020 14:46:01 GMT+0700
14:44:37,Fri May 15 2020 14:46:13 GMT+0700
14:44:50,Fri May 15 2020 14:46:25 GMT+0700
14:45:14,Fri May 15 2020 14:46:50 GMT+0700
14:45:39,Fri May 15 2020 14:47:14 GMT+0700
14:45:51,Fri May 15 2020 14:47:27 GMT+0700
14:46:04,Fri May 15 2020 14:47:39 GMT+0700
14:46:16,Fri May 15 2020 14:47:51 GMT+0700
14:46:28,Fri May 15 2020 14:48:04 GMT+0700
14:46:41,Fri May 15 2020 14:48:16 GMT+0700
14:46:53,Fri May 15 2020 14:48:28 GMT+0700
14:47:05,Fri May 15 2020 14:48:40 GMT+0700
14:47:17,Fri May 15 2020 14:48:53 GMT+0700
14:47:30,Fri May 15 2020 14:49:05 GMT+0700
14:48:07,Fri May 15 2020 14:49:42 GMT+0700
14:48:19,Fri May 15 2020 14:49:54 GMT+0700
14:48:31,Fri May 15 2020 14:50:10 GMT+0700
14:48:44,Fri May 15 2020 14:50:19 GMT+0700
14:48:56,Fri May 15 2020 14:50:31 GMT+0700
14:49:08,Fri May 15 2020 14:50:44 GMT+0700
14:49:21,Fri May 15 2020 14:50:56 GMT+0700
14:49:33,Fri May 15 2020 14:51:08 GMT+0700
14:49:45,Fri May 15 2020 14:51:21 GMT+0700
14:49:58,Fri May 15 2020 14:51:33 GMT+0700
14:50:22,Fri May 15 2020 14:51:57 GMT+0700
14:50:47,Fri May 15 2020 14:52:22 GMT+0700
14:50:59,Fri May 15 2020 14:52:35 GMT+0700
14:51:11,Fri May 15 2020 14:52:47 GMT+0700
14:51:24,Fri May 15 2020 14:52:59 GMT+0700
14:51:36,Fri May 15 2020 14:53:12 GMT+0700
14:51:48,Fri May 15 2020 14:53:24 GMT+0700
14:52:13,Fri May 15 2020 14:53:48 GMT+0700
14:52:25,Fri May 15 2020 14:54:01 GMT+0700
14:52:38,Fri May 15 2020 14:54:13 GMT+0700
14:52:50,Fri May 15 2020 14:54:25 GMT+0700
14:53:02,Fri May 15 2020 14:54:38 GMT+0700
14:53:15,Fri May 15 2020 14:54:50 GMT+0700
14:53:27,Fri May 15 2020 14:55:02 GMT+0700
14:53:39,Fri May 15 2020 14:55:15 GMT+0700
14:53:51,Fri May 15 2020 14:55:27 GMT+0700
14:54:04,Fri May 15 2020 14:55:39 GMT+0700
14:54:16,Fri May 15 2020 14:55:51 GMT+0700
14:54:28,Fri May 15 2020 14:56:04 GMT+0700
14:54:41,Fri May 15 2020 14:56:16 GMT+0700
14:54:53,Fri May 15 2020 14:56:28 GMT+0700
14:55:05,Fri May 15 2020 14:56:41 GMT+0700
14:55:18,Fri May 15 2020 14:56:53 GMT+0700
14:55:30,Fri May 15 2020 14:57:05 GMT+0700
14:55:42,Fri May 15 2020 14:57:18 GMT+0700
14:55:55,Fri May 15 2020 14:57:30 GMT+0700
14:56:07,Fri May 15 2020 14:57:42 GMT+0700
14:56:19,Fri May 15 2020 14:57:54 GMT+0700
14:56:32,Fri May 15 2020 14:58:07 GMT+0700
14:56:44,Fri May 15 2020 14:58:19 GMT+0700
14:56:56,Fri May 15 2020 14:58:31 GMT+0700
14:57:08,Fri May 15 2020 14:58:44 GMT+0700
14:57:21,Fri May 15 2020 14:58:56 GMT+0700
14:57:33,Fri May 15 2020 14:59:08 GMT+0700
14:57:45,Fri May 15 2020 14:59:21 GMT+0700
14:57:58,Fri May 15 2020 14:59:33 GMT+0700
14:58:10,Fri May 15 2020 14:59:45 GMT+0700
14:58:22,Fri May 15 2020 14:59:58 GMT+0700
14:58:35,Fri May 15 2020 15:00:10 GMT+0700
14:58:47,Fri May 15 2020 15:00:22 GMT+0700
